{
    "name": "Silakka44",
    "matrix": {
      "rows": 8,
      "cols": 6
    },
    "layouts": {
      "keymap": [
        [
          {
            "y": 0.25,
            "x": 3
          },
          "0,3",
          {
            "x": 6.25
          },
          "4,2"
        ],
        [
          {
            "y": -0.75,
            "x": 2
          },
          "0,2",
          {
            "x": 1
          },
          "0,4",
          {
            "x": 4.25
          },
          "4,1",
          {
            "x": 1
          },
          "4,3"
        ],
        [
          {
            "y": -0.875,
            "x": 5
          },
          "0,5"
        ],
        [
          {
            "y": -0.995,
            "x": 8.25
          },
          "4,0"
        ],
        [
          {
            "y": -0.8799999999999999
          },
          "0,0",
          "0,1",
          {
            "x": 10.25
          },
          "4,4",
          "4,5"
        ],
        [
          {
            "y": -0.5,
            "x": 3
          },
          "1,3",
          {
            "x": 6.25
          },
          "5,2"
        ],
        [
          {
            "y": -0.75,
            "x": 2
          },
          "1,2",
          {
            "x": 1
          },
          "1,4",
          {
            "x": 4.25
          },
          "5,1",
          {
            "x": 1
          },
          "5,3"
        ],
        [
          {
            "y": -0.875,
            "x": 5
          },
          "1,5"
        ],
        [
          {
            "y": -0.9950000000000001,
            "x": 8.25
          },
          "5,0"
        ],
        [
          {
            "y": -0.8799999999999999
          },
          "1,0",
          "1,1",
          {
            "x": 10.25
          },
          "5,4",
          "5,5"
        ],
        [
          {
            "y": -0.5,
            "x": 3
          },
          "2,3",
          {
            "x": 6.25
          },
          "6,2"
        ],
        [
          {
            "y": -0.75,
            "x": 2
          },
          "2,2",
          {
            "x": 1
          },
          "2,4",
          {
            "x": 4.25
          },
          "6,1",
          {
            "x": 1
          },
          "6,3"
        ],
        [
          {
            "y": -0.875,
            "x": 5
          },
          "2,5"
        ],
        [
          {
            "y": -0.9950000000000001,
            "x": 8.25
          },
          "6,0"
        ],
        [
          {
            "y": -0.8799999999999999
          },
          "2,0",
          "2,1",
          {
            "x": 10.25
          },
          "6,4",
          "6,5"
        ],
        [
          {
            "y": -0.25,
            "x": 2.5
          },
          "3,0",
          {
            "x": 7.25
          },
          "7,3"
        ],
        [
          {
            "y": 0.25,
            "x": 2
          },
          "0,0\n\n\n\n\n\n\n\n\ne",
          "0,1\n\n\n\n\n\n\n\n\ne",
          {
            "x": 6.25
          },
          "1,0\n\n\n\n\n\n\n\n\ne",
          "1,1\n\n\n\n\n\n\n\n\ne"
        ],
        [
          {
            "rx": 4,
            "ry": 8.175,
            "y": -4.675,
            "x": -0.5
          },
          "3,1"
        ],
        [
          {
            "y": -0.7500000000000009,
            "x": 0.5
          },
          "3,2",
          "3,3"
        ],
        [
          {
            "rx": 12,
            "y": -4.425000000000001,
            "x": -4.25
          },
          "7,0"
        ],
        [
          {
            "rx": 13,
            "y": -4.675000000000001,
            "x": -3.25
          },
          "7,2"
        ],
        [
          {
            "y": -0.75,
            "x": -4.25
          },
          "7,1"
        ]
      ]
    }
  }